[{"error":"ReferenceError: no is not defined"},{"error":"ReferenceError: no is not defined"},{"error":"ReferenceError: no is not defined"},{"error":"ReferenceError: no is not defined"},{"error":"ReferenceError: virtex is not defined"},{"error":"TypeError: setting.ownerNumber.split is not a function"},{"error":"ReferenceError: i is not defined"},{"error":"TypeError: setting.ownerNumber.split is not a function"},{"error":"TypeError: setting.ownerNumber.split is not a function"},{"error":"TypeError: setting.ownerNumber.split is not a function"},{"error":"ReferenceError: btn_menu is not defined"},{"error":"ReferenceError: btn_menu is not defined"},{"error":"ReferenceError: btn_menu is not defined"},{"error":"ReferenceError: btn_menu is not defined"},{"error":"Error: rate-overlimit"},{"error":"ReferenceError: btn_menu is not defined"},{"error":"ReferenceError: btn_menu is not defined"},{"error":"ReferenceError: btn_menu is not defined"},{"error":"Error: Timed Out"},{"error":"ReferenceError: btn_menu is not defined"},{"error":"ReferenceError: button_menu is not defined"},{"error":"ReferenceError: button_menu is not defined"},{"error":"Error: Timed Out"},{"error":"ReferenceError: sender is not defined"},{"error":"ReferenceError: sender is not defined"},{"error":"ReferenceError: sender is not defined"},{"error":"Error: item-not-found"},{"error":"Error: rate-overlimit"},{"error":"Error: rate-overlimit"},{"error":"Error: rate-overlimit"},{"error":"Error: rate-overlimit"},{"error":"Error: rate-overlimit"},{"error":"Error: rate-overlimit"},{"error":"Error: rate-overlimit"},{"error":"Error: rate-overlimit"},{"error":"Error: rate-overlimit"},{"error":"Error: rate-overlimit"},{"error":"Error: rate-overlimit"},{"error":"Error: rate-overlimit"},{"error":"Error: rate-overlimit"},{"error":"Error: rate-overlimit"},{"error":"Error: rate-overlimit"},{"error":"Error: rate-overlimit"},{"error":"Error: rate-overlimit"},{"error":"Error: rate-overlimit"},{"error":"Error: rate-overlimit"},{"error":"Error: rate-overlimit"},{"error":"Error: rate-overlimit"},{"error":"Error: rate-overlimit"},{"error":"Error: rate-overlimit"},{"error":"Error: rate-overlimit"},{"error":"Error: rate-overlimit"},{"error":"Error: rate-overlimit"},{"error":"Error: rate-overlimit"},{"error":"Error: rate-overlimit"},{"error":"Error: rate-overlimit"},{"error":"Error: rate-overlimit"},{"error":"Error: rate-overlimit"},{"error":"Error: rate-overlimit"},{"error":"Error: rate-overlimit"},{"error":"Error: rate-overlimit"},{"error":"Error: rate-overlimit"},{"error":"Error: rate-overlimit"},{"error":"Error: rate-overlimit"},{"error":"Error: rate-overlimit"},{"error":"Error: rate-overlimit"},{"error":"Error: rate-overlimit"},{"error":"Error: rate-overlimit"},{"error":"Error: rate-overlimit"},{"error":"Error: rate-overlimit"},{"error":"Error: rate-overlimit"},{"error":"Error: rate-overlimit"},{"error":"Error: rate-overlimit"},{"error":"Error: rate-overlimit"},{"error":"Error: rate-overlimit"},{"error":"Error: rate-overlimit"},{"error":"Error: rate-overlimit"},{"error":"Error: rate-overlimit"},{"error":"Error: rate-overlimit"},{"error":"Error: rate-overlimit"},{"error":"Error: rate-overlimit"},{"error":"Error: rate-overlimit"},{"error":"Error: rate-overlimit"},{"error":"Error: rate-overlimit"},{"error":"Error: rate-overlimit"},{"error":"Error: rate-overlimit"},{"error":"Error: rate-overlimit"},{"error":"Error: rate-overlimit"},{"error":"Error: rate-overlimit"},{"error":"Error: rate-overlimit"},{"error":"Error: rate-overlimit"},{"error":"Error: rate-overlimit"},{"error":"Error: rate-overlimit"},{"error":"Error: rate-overlimit"},{"error":"Error: rate-overlimit"},{"error":"Error: rate-overlimit"},{"error":"Error: rate-overlimit"},{"error":"Error: rate-overlimit"},{"error":"Error: rate-overlimit"},{"error":"Error: rate-overlimit"},{"error":"Error: rate-overlimit"},{"error":"Error: rate-overlimit"},{"error":"Error: rate-overlimit"},{"error":"Error: rate-overlimit"},{"error":"Error: rate-overlimit"},{"error":"Error: rate-overlimit"},{"error":"Error: rate-overlimit"},{"error":"Error: rate-overlimit"},{"error":"Error: rate-overlimit"},{"error":"Error: rate-overlimit"},{"error":"Error: rate-overlimit"},{"error":"Error: rate-overlimit"},{"error":"Error: rate-overlimit"},{"error":"Error: rate-overlimit"},{"error":"Error: rate-overlimit"},{"error":"Error: rate-overlimit"},{"error":"Error: rate-overlimit"},{"error":"Error: rate-overlimit"},{"error":"Error: rate-overlimit"},{"error":"Error: rate-overlimit"},{"error":"Error: rate-overlimit"},{"error":"Error: rate-overlimit"},{"error":"Error: rate-overlimit"},{"error":"Error: rate-overlimit"},{"error":"Error: rate-overlimit"},{"error":"Error: rate-overlimit"},{"error":"Error: rate-overlimit"},{"error":"Error: rate-overlimit"},{"error":"Error: rate-overlimit"},{"error":"Error: rate-overlimit"},{"error":"Error: rate-overlimit"},{"error":"Error: rate-overlimit"},{"error":"Error: rate-overlimit"},{"error":"Error: rate-overlimit"},{"error":"TypeError [ERR_INVALID_ARG_TYPE]: The \"data\" argument must be of type string or an instance of Buffer, TypedArray, or DataView. Received undefined"},{"error":"TypeError [ERR_INVALID_ARG_TYPE]: The \"data\" argument must be of type string or an instance of Buffer, TypedArray, or DataView. Received undefined"},{"error":"Error: rate-overlimit"},{"error":"Error: rate-overlimit"},{"error":"Error: rate-overlimit"},{"error":"Error: rate-overlimit"},{"error":"Error: rate-overlimit"},{"error":"Error: rate-overlimit"},{"error":"Error: rate-overlimit"},{"error":"Error: rate-overlimit"},{"error":"Error: rate-overlimit"},{"error":"Error: rate-overlimit"},{"error":"Error: rate-overlimit"},{"error":"Error: rate-overlimit"},{"error":"Error: rate-overlimit"},{"error":"Error: rate-overlimit"},{"error":"Error: rate-overlimit"},{"error":"Error: rate-overlimit"},{"error":"Error: rate-overlimit"},{"error":"Error: rate-overlimit"},{"error":"Error: rate-overlimit"},{"error":"Error: rate-overlimit"},{"error":"Error: rate-overlimit"},{"error":"Error: rate-overlimit"},{"error":"Error: rate-overlimit"},{"error":"Error: rate-overlimit"},{"error":"Error: rate-overlimit"},{"error":"Error: rate-overlimit"},{"error":"Error: rate-overlimit"},{"error":"Error: rate-overlimit"},{"error":"Error: rate-overlimit"},{"error":"Error: rate-overlimit"},{"error":"Error: rate-overlimit"},{"error":"Error: rate-overlimit"},{"error":"Error: rate-overlimit"},{"error":"Error: rate-overlimit"},{"error":"Error: rate-overlimit"},{"error":"Error: rate-overlimit"},{"error":"Error: rate-overlimit"},{"error":"Error: rate-overlimit"},{"error":"Error: rate-overlimit"},{"error":"Error: rate-overlimit"},{"error":"Error: rate-overlimit"},{"error":"Error: rate-overlimit"},{"error":"Error: rate-overlimit"},{"error":"TypeError: Cannot read properties of undefined (reading 'list')"},{"error":"Error: Connection Closed"},{"error":"Error: Connection Closed"},{"error":"Error: rate-overlimit"},{"error":"Error: rate-overlimit"},{"error":"Error: rate-overlimit"},{"error":"Error: rate-overlimit"},{"error":"Error: rate-overlimit"},{"error":"Error: rate-overlimit"},{"error":"Error: rate-overlimit"},{"error":"Error: rate-overlimit"},{"error":"Error: rate-overlimit"},{"error":"Error: rate-overlimit"},{"error":"Error: rate-overlimit"},{"error":"Error: rate-overlimit"},{"error":"Error: rate-overlimit"},{"error":"Error: rate-overlimit"},{"error":"Error: rate-overlimit"},{"error":"Error: rate-overlimit"},{"error":"Error: rate-overlimit"},{"error":"Error: rate-overlimit"},{"error":"Error: rate-overlimit"},{"error":"Error: rate-overlimit"},{"error":"Error: rate-overlimit"},{"error":"Error: rate-overlimit"},{"error":"Error: rate-overlimit"},{"error":"Error: rate-overlimit"},{"error":"Error: rate-overlimit"},{"error":"Error: rate-overlimit"},{"error":"Error: rate-overlimit"},{"error":"Error: rate-overlimit"},{"error":"Error: rate-overlimit"},{"error":"Error: rate-overlimit"},{"error":"Error: rate-overlimit"},{"error":"Error: rate-overlimit"},{"error":"Error: rate-overlimit"},{"error":"Error: rate-overlimit"},{"error":"Error: rate-overlimit"},{"error":"Error: rate-overlimit"},{"error":"Error: rate-overlimit"},{"error":"Error: rate-overlimit"},{"error":"Error: rate-overlimit"},{"error":"Error: rate-overlimit"},{"error":"Error: rate-overlimit"},{"error":"Error: rate-overlimit"},{"error":"Error: rate-overlimit"},{"error":"Error: rate-overlimit"},{"error":"Error: rate-overlimit"},{"error":"Error: rate-overlimit"},{"error":"Error: rate-overlimit"},{"error":"Error: rate-overlimit"},{"error":"Error: rate-overlimit"},{"error":"Error: rate-overlimit"},{"error":"Error: rate-overlimit"},{"error":"Error: rate-overlimit"},{"error":"Error: rate-overlimit"},{"error":"Error: rate-overlimit"},{"error":"Error: rate-overlimit"},{"error":"Error: rate-overlimit"},{"error":"Error: rate-overlimit"},{"error":"Error: rate-overlimit"},{"error":"Error: rate-overlimit"},{"error":"Error: rate-overlimit"},{"error":"Error: rate-overlimit"},{"error":"Error: rate-overlimit"},{"error":"Error: rate-overlimit"},{"error":"Error: rate-overlimit"},{"error":"Error: rate-overlimit"},{"error":"Error: rate-overlimit"},{"error":"Error: rate-overlimit"},{"error":"Error: rate-overlimit"},{"error":"Error: rate-overlimit"},{"error":"Error: rate-overlimit"},{"error":"Error: rate-overlimit"},{"error":"Error: rate-overlimit"},{"error":"Error: rate-overlimit"},{"error":"Error: rate-overlimit"},{"error":"Error: rate-overlimit"},{"error":"Error: rate-overlimit"},{"error":"Error: rate-overlimit"},{"error":"Error: rate-overlimit"},{"error":"Error: rate-overlimit"},{"error":"Error: rate-overlimit"},{"error":"Error: rate-overlimit"},{"error":"Error: rate-overlimit"},{"error":"Error: rate-overlimit"},{"error":"Error: rate-overlimit"},{"error":"Error: rate-overlimit"},{"error":"Error: rate-overlimit"},{"error":"Error: rate-overlimit"},{"error":"Error: rate-overlimit"},{"error":"Error: rate-overlimit"},{"error":"Error: rate-overlimit"},{"error":"Error: rate-overlimit"},{"error":"Error: rate-overlimit"},{"error":"Error: rate-overlimit"},{"error":"Error: rate-overlimit"},{"error":"Error: rate-overlimit"},{"error":"Error: rate-overlimit"},{"error":"Error: rate-overlimit"},{"error":"Error: rate-overlimit"},{"error":"Error: rate-overlimit"},{"error":"Error: rate-overlimit"},{"error":"Error: rate-overlimit"},{"error":"Error: rate-overlimit"},{"error":"Error: rate-overlimit"},{"error":"Error: rate-overlimit"},{"error":"Error: rate-overlimit"},{"error":"Error: rate-overlimit"},{"error":"Error: rate-overlimit"},{"error":"Error: rate-overlimit"},{"error":"Error: rate-overlimit"},{"error":"Error: rate-overlimit"},{"error":"Error: rate-overlimit"},{"error":"Error: rate-overlimit"},{"error":"Error: rate-overlimit"},{"error":"Error: rate-overlimit"},{"error":"Error: rate-overlimit"},{"error":"Error: rate-overlimit"},{"error":"Error: rate-overlimit"},{"error":"Error: rate-overlimit"},{"error":"Error: rate-overlimit"},{"error":"Error: rate-overlimit"},{"error":"Error: rate-overlimit"},{"error":"Error: rate-overlimit"},{"error":"Error: rate-overlimit"},{"error":"Error: rate-overlimit"},{"error":"Error: rate-overlimit"},{"error":"Error: rate-overlimit"},{"error":"Error: rate-overlimit"},{"error":"Error: rate-overlimit"},{"error":"Error: rate-overlimit"},{"error":"Error: rate-overlimit"},{"error":"Error: rate-overlimit"},{"error":"Error: rate-overlimit"},{"error":"Error: rate-overlimit"},{"error":"Error: rate-overlimit"},{"error":"Error: rate-overlimit"},{"error":"Error: rate-overlimit"},{"error":"Error: rate-overlimit"},{"error":"Error: rate-overlimit"},{"error":"Error: rate-overlimit"},{"error":"Error: rate-overlimit"},{"error":"TypeError: Cannot destructure property 'mediaKey' of 'object null' as it is null."},{"error":"Error: write EPIPE"},{"error":"Error: Connection Closed"},{"error":"Error: Connection Closed"},{"error":"Error: Connection Closed"},{"error":"Error: Timed Out"},{"error":"Error: rate-overlimit"},{"error":"Error: rate-overlimit"},{"error":"Error: rate-overlimit"},{"error":"Error: rate-overlimit"},{"error":"Error: rate-overlimit"},{"error":"Error: rate-overlimit"},{"error":"Error: rate-overlimit"},{"error":"Error: rate-overlimit"},{"error":"Error: rate-overlimit"},{"error":"Error: rate-overlimit"},{"error":"Error: rate-overlimit"},{"error":"Error: rate-overlimit"},{"error":"Error: rate-overlimit"},{"error":"Error: rate-overlimit"},{"error":"Error: rate-overlimit"},{"error":"Error: rate-overlimit"},{"error":"Error: rate-overlimit"},{"error":"Error: rate-overlimit"},{"error":"Error: rate-overlimit"},{"error":"Error: forbidden"},{"error":"TypeError [ERR_INVALID_ARG_TYPE]: The \"data\" argument must be of type string or an instance of Buffer, TypedArray, or DataView. Received undefined"},{"error":"TypeError [ERR_INVALID_ARG_TYPE]: The \"data\" argument must be of type string or an instance of Buffer, TypedArray, or DataView. Received undefined"},{"error":"Error: rate-overlimit"},{"error":"Error: rate-overlimit"},{"error":"Error: rate-overlimit"},{"error":"Error: rate-overlimit"},{"error":"Error: rate-overlimit"},{"error":"Error: rate-overlimit"},{"error":"Error: rate-overlimit"},{"error":"Error: rate-overlimit"},{"error":"Error: rate-overlimit"},{"error":"Error: rate-overlimit"},{"error":"Error: rate-overlimit"},{"error":"Error: rate-overlimit"},{"error":"Error: rate-overlimit"},{"error":"Error: rate-overlimit"},{"error":"Error: rate-overlimit"},{"error":"Error: rate-overlimit"},{"error":"Error: rate-overlimit"},{"error":"Error: rate-overlimit"},{"error":"Error: rate-overlimit"},{"error":"Error: rate-overlimit"},{"error":"Error: rate-overlimit"},{"error":"Error: rate-overlimit"},{"error":"Error: rate-overlimit"},{"error":"Error: rate-overlimit"},{"error":"Error: rate-overlimit"},{"error":"Error: rate-overlimit"},{"error":"Error: rate-overlimit"},{"error":"Error: rate-overlimit"},{"error":"Error: rate-overlimit"},{"error":"Error: rate-overlimit"},{"error":"Error: rate-overlimit"},{"error":"Error: rate-overlimit"},{"error":"Error: rate-overlimit"},{"error":"Error: rate-overlimit"},{"error":"Error: rate-overlimit"},{"error":"Error: rate-overlimit"},{"error":"Error: rate-overlimit"},{"error":"Error: rate-overlimit"},{"error":"Error: rate-overlimit"},{"error":"Error: rate-overlimit"},{"error":"Error: rate-overlimit"},{"error":"Error: rate-overlimit"},{"error":"Error: rate-overlimit"},{"error":"Error: rate-overlimit"},{"error":"Error: rate-overlimit"},{"error":"Error: rate-overlimit"},{"error":"Error: rate-overlimit"},{"error":"Error: rate-overlimit"},{"error":"Error: rate-overlimit"},{"error":"Error: rate-overlimit"},{"error":"Error: rate-overlimit"},{"error":"Error: rate-overlimit"},{"error":"Error: rate-overlimit"},{"error":"Error: rate-overlimit"},{"error":"Error: rate-overlimit"},{"error":"Error: rate-overlimit"},{"error":"Error: rate-overlimit"},{"error":"Error: rate-overlimit"},{"error":"Error: rate-overlimit"},{"error":"Error: rate-overlimit"},{"error":"Error: rate-overlimit"},{"error":"Error: rate-overlimit"},{"error":"Error: rate-overlimit"},{"error":"Error: rate-overlimit"},{"error":"Error: rate-overlimit"},{"error":"Error: rate-overlimit"},{"error":"Error: rate-overlimit"},{"error":"Error: rate-overlimit"},{"error":"Error: rate-overlimit"},{"error":"Error: rate-overlimit"},{"error":"Error: rate-overlimit"},{"error":"Error: rate-overlimit"},{"error":"Error: rate-overlimit"},{"error":"Error: rate-overlimit"},{"error":"Error: rate-overlimit"},{"error":"Error: rate-overlimit"},{"error":"Error: rate-overlimit"},{"error":"Error: rate-overlimit"},{"error":"Error: rate-overlimit"},{"error":"Error: rate-overlimit"},{"error":"Error: rate-overlimit"},{"error":"Error: rate-overlimit"},{"error":"Error: rate-overlimit"},{"error":"Error: rate-overlimit"},{"error":"Error: rate-overlimit"},{"error":"Error: rate-overlimit"},{"error":"Error: rate-overlimit"},{"error":"Error: rate-overlimit"},{"error":"Error: rate-overlimit"},{"error":"Error: rate-overlimit"},{"error":"Error: rate-overlimit"},{"error":"Error: rate-overlimit"},{"error":"Error: rate-overlimit"},{"error":"Error: rate-overlimit"},{"error":"Error: rate-overlimit"},{"error":"Error: rate-overlimit"},{"error":"Error: rate-overlimit"},{"error":"Error: rate-overlimit"},{"error":"Error: rate-overlimit"},{"error":"Error: rate-overlimit"},{"error":"Error: rate-overlimit"},{"error":"Error: rate-overlimit"},{"error":"Error: rate-overlimit"},{"error":"Error: rate-overlimit"},{"error":"Error: rate-overlimit"},{"error":"Error: rate-overlimit"},{"error":"Error: rate-overlimit"},{"error":"Error: rate-overlimit"},{"error":"Error: rate-overlimit"},{"error":"Error: rate-overlimit"},{"error":"Error: rate-overlimit"},{"error":"Error: rate-overlimit"},{"error":"Error: rate-overlimit"},{"error":"Error: rate-overlimit"},{"error":"Error: rate-overlimit"},{"error":"Error: rate-overlimit"},{"error":"Error: rate-overlimit"},{"error":"Error: rate-overlimit"},{"error":"Error: rate-overlimit"},{"error":"Error: rate-overlimit"},{"error":"FetchError: invalid json response body at https://saipulanuar.ga/api/download/ytmp4?url=Waw%20seperti%20lonteh&apikey=jPHjZpQF reason: Unexpected token < in JSON at position 0"},{"error":"FetchError: invalid json response body at https://saipulanuar.ga/api/download/ytmp4?url=Eh&apikey=jPHjZpQF reason: Unexpected token < in JSON at position 0"},{"error":"FetchError: invalid json response body at https://saipulanuar.ga/api/download/ytmp4?url=Maap&apikey=jPHjZpQF reason: Unexpected token < in JSON at position 0"},{"error":"FetchError: invalid json response body at https://saipulanuar.ga/api/download/ytmp4?url=Lagi%20gabisa&apikey=jPHjZpQF reason: Unexpected token < in JSON at position 0"},{"error":"FetchError: invalid json response body at https://saipulanuar.ga/api/download/ytmp4?url=Rame%22%20enaknya%20ewe&apikey=jPHjZpQF reason: Unexpected token < in JSON at position 0"},{"error":"FetchError: invalid json response body at https://saipulanuar.ga/api/download/ytmp4?url=Araska&apikey=jPHjZpQF reason: Unexpected token < in JSON at position 0"},{"error":"TypeError [ERR_UNESCAPED_CHARACTERS]: Request path contains unescaped characters"}]