{
    "wait": "*TUNGGU SEBENTAR_ _ _ _*",
    "error": {
        "Iv": "Link yang kamu berikan tidak valid",
        "api": "Maaf terjadi kesalahan"
    },
    "OnlyGrup": "Perintah ini hanya bisa digunakan di grup",
    "OnlyPM": "Perintah ini hanya bisa digunakan di private message",
    "GrupAdmin": "Perintah ini hanya bisa digunakan oleh Admin Grup",
    "BotAdmin": "Bot Harus menjadi admin",
    "OnlyOwner": "Perintah ini hanya dapat digunakan oleh owner bot",
    "OnlyPrem": "Perintah ini khusus member premium\nMinat jadi premium? hubungi owner",
    "OnlyUser": "Maaf kak, kamu belum terdaftar di database bot, Ketik *#verify*\nUntuk memverifikasi."
}