[{"id":"6282279915237@s.whatsapp.net","name":"#GRKOWTK","seri":"d3gXjSpE68","premium":false},{"id":"15028786322@s.whatsapp.net","name":"#GRAgvJB","seri":"xRa7SYfgkJ","premium":false},{"id":"6281915061498@s.whatsapp.net","name":"#GR0GYtG","seri":"xhtDRuvTyn","premium":false},{"id":"6283834558105@s.whatsapp.net","name":"#GR00lZ9","seri":"QMckQ1wwLF","premium":false},{"id":"6283891031393@s.whatsapp.net","name":"#GRr8GTV","seri":"eDa0gyZhwy","premium":false},{"id":"6285299720048@s.whatsapp.net","name":"#GRkNDNX","seri":"4Oq2eOPPIs","premium":false},{"id":"6283116804585@s.whatsapp.net","name":"#GRMN0dW","seri":"CGyqz3Ao00","premium":false},{"id":"6285731372187@s.whatsapp.net","name":"#GR3G4ba","seri":"iiupvME2PM","premium":false},{"id":"6285649212256@s.whatsapp.net","name":"#GR4gpnf","seri":"Xd3cPkPL5r","premium":true},{"id":"6285379504148@s.whatsapp.net","name":"#GRPiBbQ","seri":"EWPAAWc0M7","premium":false},{"id":"6285794287521@s.whatsapp.net","name":"#GRC71sy","seri":"sg3yVbuL1Z","premium":false},{"id":"6281802569488@s.whatsapp.net","name":"#GRYSZEm","seri":"elzNlxTzxx","premium":false},{"id":"6285271778719@s.whatsapp.net","name":"#GR57EYq","seri":"PcvtLTLrAj","premium":false},{"id":"62882007483624@s.whatsapp.net","name":"#GR9zynp","seri":"NYvXXwkmvW","premium":false},{"id":"6281218567214@s.whatsapp.net","name":"#GRRpuKm","seri":"3kwZmekr6H","premium":false},{"id":"6288801946546@s.whatsapp.net","name":"#GRVqsbI","seri":"YOiaryHulp","premium":false},{"id":"6281292197643@s.whatsapp.net","name":"#GRBJxeJ","seri":"key3vZ0OJt","premium":false},{"id":"6285850185698@s.whatsapp.net","name":"#GR9Ue8j","seri":"GgQ8KkDfiN","premium":false},{"id":"6285274396356@s.whatsapp.net","name":"#GRvYODy","seri":"sGUO2LGe42","premium":false},{"id":"6289646334479@s.whatsapp.net","name":"#GRCjeBw","seri":"0TSCWGEy5o","premium":false},{"id":"6287711498091@s.whatsapp.net","name":"#GRkwau8","seri":"GTtbQn6ZWH","premium":false},{"id":"6287875945782@s.whatsapp.net","name":"#GRtzbQT","seri":"3C5hUnxjRL","premium":false},{"id":"6289604053154@s.whatsapp.net","name":"#GRvy3bn","seri":"g7NGZQEdtG","premium":false},{"id":"6281342611124@s.whatsapp.net","name":"#GR6vLeg","seri":"DBQRIL3V7c","premium":false},{"id":"6282175070656@s.whatsapp.net","name":"#GRcDJUy","seri":"E4Poggz3xy","premium":false},{"id":"62895386679348@s.whatsapp.net","name":"#GRBqSto","seri":"PYX6rWDiF4","premium":false},{"id":"6287843301847@s.whatsapp.net","name":"#GRMn2EO","seri":"b6WynUwjX6","premium":false},{"id":"6288261386820@s.whatsapp.net","name":"#GR1VRPz","seri":"toNfTAKzZC","premium":false},{"id":"6282251324019@s.whatsapp.net","name":"#GRM0jd5","seri":"lOL0RAtmwm","premium":false},{"id":"6283830979232@s.whatsapp.net","name":"y","seri":"fMBFgLDhSZ","premium":false},{"id":"62895323402690@s.whatsapp.net","name":"#GRS0Ecw","seri":"VLZV9YGUYI","premium":false},{"id":"6285770113926@s.whatsapp.net","name":"#GRDymh8","seri":"cZCyGbGBfu","premium":false},{"id":"6281261257581@s.whatsapp.net","name":"#GReFkpm","seri":"M6Gb7t2S3z","premium":false},{"id":"6289505996614@s.whatsapp.net","name":"#GRmppsk","seri":"hQGtyaYW3W","premium":false},{"id":"62882017639715@s.whatsapp.net","name":"#GRZmpol","seri":"dW7c96aBsr","premium":false},{"id":"6282396356796@s.whatsapp.net","name":"#GR29JES","seri":"Rq7JkKyc8H","premium":false},{"id":"6281908857834@s.whatsapp.net","name":"#GReC1V4","seri":"6EcfyEdCEn","premium":false}]